id,first_name,last_name,email,gender,ip_address
1,Sebastien,Sleigh,ssleigh0@wordpress.org,Male,59.239.155.172
2,Ann-marie,Vasyuchov,avasyuchov1@washington.edu,Female,61.100.103.26
3,Ade,Gotcliff,agotcliff2@phpbb.com,Male,255.98.188.72
4,Joey,Lathee,jlathee3@blogger.com,Male,187.72.70.171
5,Velvet,Keys,vkeys4@barnesandnoble.com,Female,147.237.142.235
6,Shaylynn,Gyves,sgyves5@berkeley.edu,Female,44.226.71.53
7,Kent,Siegertsz,ksiegertsz6@wordpress.org,Male,81.126.247.5
8,Nichole,Jovovic,njovovic7@mapy.cz,Male,254.193.90.199
9,Karlotte,Riley,kriley8@ow.ly,Female,23.105.207.23
10,Hamilton,Pepperill,hpepperill9@omniture.com,Male,56.215.124.214
11,Bartolomeo,Avey,baveya@nsw.gov.au,Male,84.197.168.223
12,Skylar,Kayes,skayesb@i2i.jp,Male,7.222.54.151
13,Eba,Marval,emarvalc@indiegogo.com,Non-binary,35.42.90.92
14,Emera,Center,ecenterd@tripod.com,Female,230.81.75.38
15,Tome,Casse,tcassee@engadget.com,Male,106.70.194.90
16,Joyann,Cleere,jcleeref@archive.org,Female,201.167.92.153
17,Austin,Ebbage,aebbageg@theatlantic.com,Female,97.110.218.233
18,Olly,Bimrose,obimroseh@wikispaces.com,Male,104.163.20.151
19,Lidia,Redferne,lredfernei@sfgate.com,Bigender,30.138.100.197
20,Cherry,MacKimm,cmackimmj@google.es,Female,233.107.163.219
21,Seth,McKeaveney,smckeaveneyk@usnews.com,Male,119.47.114.164
22,Sandra,Denington,sdeningtonl@youku.com,Female,137.230.44.214
23,Hube,Coniff,hconiffm@howstuffworks.com,Male,96.176.32.233
24,Seline,Conochie,sconochien@nba.com,Agender,131.49.190.104
25,Gayler,McCroary,gmccroaryo@umn.edu,Male,158.67.83.153
26,Josefina,Ackroyd,jackroydp@wordpress.com,Female,249.122.234.113
27,Joseito,Siddele,jsiddeleq@ezinearticles.com,Male,92.68.195.0
28,Sandor,Konrad,skonradr@hp.com,Male,156.101.195.55
29,Merrile,Sterman,mstermans@sciencedaily.com,Female,212.81.197.55
30,Christabella,Poulgreen,cpoulgreent@woothemes.com,Female,28.65.49.50
31,Loella,Lent,llentu@biglobe.ne.jp,Female,254.140.142.225
32,Aila,Simonassi,asimonassiv@ed.gov,Female,89.123.254.254
33,Hew,Dayer,hdayerw@cyberchimps.com,Male,27.16.179.110
34,Cybil,Smalecombe,csmalecombex@twitpic.com,Female,53.248.100.235
35,Charmain,McGiven,cmcgiveny@tiny.cc,Female,246.119.107.220
36,Kelwin,Tibbles,ktibblesz@joomla.org,Male,70.77.197.30
37,Allx,Bellham,abellham10@e-recht24.de,Female,193.29.75.54
38,Danielle,Freed,dfreed11@jimdo.com,Female,41.186.196.164
39,Coralyn,Ilden,cilden12@forbes.com,Female,99.170.254.165
40,Brannon,Platt,bplatt13@ovh.net,Agender,44.138.67.201
41,Chrissy,Ratie,cratie14@altervista.org,Male,106.96.20.247
42,Giulia,Shimmings,gshimmings15@networksolutions.com,Female,37.162.69.51
43,Allie,Aspell,aaspell16@mac.com,Male,99.186.9.126
44,Liesa,Veitch,lveitch17@symantec.com,Female,31.54.133.239
45,Kellsie,Patise,kpatise18@gizmodo.com,Female,18.206.30.3
46,Hill,Eschelle,heschelle19@altervista.org,Male,238.209.174.8
47,Alasteir,Bettleson,abettleson1a@cargocollective.com,Male,38.166.27.152
48,Der,Moller,dmoller1b@ask.com,Male,24.203.22.203
49,Remington,Bysshe,rbysshe1c@shop-pro.jp,Male,143.138.12.23
50,Zarah,Prestner,zprestner1d@tuttocitta.it,Female,233.205.10.33
51,Tate,Seally,tseally1e@feedburner.com,Female,250.216.97.76
52,Barny,Vigne,bvigne1f@google.com.hk,Male,32.231.240.169
53,Roxana,Sirkett,rsirkett1g@hibu.com,Female,61.106.16.223
54,Grantley,Stendell,gstendell1h@spiegel.de,Male,41.204.235.57
55,Cordula,Bravington,cbravington1i@chron.com,Female,38.233.10.216
56,Wilhelmina,Belsham,wbelsham1j@mediafire.com,Genderfluid,21.56.230.69
57,Ilysa,Malarkey,imalarkey1k@statcounter.com,Female,84.95.144.125
58,Sella,Demongeot,sdemongeot1l@github.com,Female,78.81.163.19
59,Thain,Buckett,tbuckett1m@loc.gov,Male,75.236.206.97
60,Sapphire,Mattack,smattack1n@pinterest.com,Female,39.62.89.160
61,Steffane,Ferrulli,sferrulli1o@paginegialle.it,Female,209.112.165.184
62,Prudi,Mahaddie,pmahaddie1p@usda.gov,Female,254.117.227.78
63,Olympie,Stirman,ostirman1q@reference.com,Female,39.215.238.62
64,Haywood,Semble,hsemble1r@ebay.co.uk,Male,113.174.3.156
65,Sheryl,Ryson,sryson1s@so-net.ne.jp,Female,1.184.123.147
66,Augustine,Boissieux,aboissieux1t@blogspot.com,Female,100.233.106.78
67,Sena,McRamsey,smcramsey1u@google.com.hk,Female,106.235.249.243
68,Caryn,Thackeray,cthackeray1v@nbcnews.com,Female,204.43.204.70
69,Marc,Tolerton,mtolerton1w@yandex.ru,Male,248.16.92.88
70,Lita,Duprey,lduprey1x@squarespace.com,Female,168.60.5.27
71,Thebault,Keitley,tkeitley1y@vistaprint.com,Male,4.17.183.66
72,Jocelyne,Rimmington,jrimmington1z@chron.com,Female,85.97.45.90
73,Darn,Gorner,dgorner20@cmu.edu,Male,186.174.224.248
74,Ruby,Vanini,rvanini21@youtube.com,Female,82.189.123.11
75,Antonella,Victor,avictor22@icq.com,Female,181.91.86.86
76,Bevvy,Scud,bscud23@miibeian.gov.cn,Female,4.191.5.32
77,Micki,Lanon,mlanon24@symantec.com,Genderfluid,76.44.9.124
78,Mary,Padula,mpadula25@canalblog.com,Female,238.44.74.206
79,Goldina,Greasty,ggreasty26@qq.com,Female,49.132.64.49
80,Roscoe,Ricco,rricco27@un.org,Male,246.199.221.190
81,Cull,Stothard,cstothard28@cyberchimps.com,Male,167.73.160.234
82,Petronilla,Fortune,pfortune29@usgs.gov,Female,184.69.61.133
83,Opaline,Clover,oclover2a@mac.com,Female,245.86.70.139
84,Jasmine,Le Grice,jlegrice2b@discuz.net,Female,39.53.144.151
85,Eartha,Crisford,ecrisford2c@1688.com,Female,177.176.187.34
86,Llewellyn,Basini-Gazzi,lbasinigazzi2d@google.es,Male,23.212.162.171
87,Hamlen,Larvor,hlarvor2e@jalbum.net,Male,116.74.71.52
88,Timi,Behr,tbehr2f@goodreads.com,Female,155.113.200.60
89,Brig,Hocking,bhocking2g@wikispaces.com,Male,199.186.246.49
90,Rowan,Van Der Straaten,rvanderstraaten2h@ovh.net,Male,90.9.5.168
91,Kennedy,Caveau,kcaveau2i@imageshack.us,Male,42.55.212.188
92,Corbie,Burnip,cburnip2j@nbcnews.com,Non-binary,195.229.74.237
93,Marissa,Nix,mnix2k@geocities.jp,Female,24.125.31.125
94,Pierette,Rignold,prignold2l@pagesperso-orange.fr,Female,24.4.86.178
95,Andrea,Casier,acasier2m@earthlink.net,Female,198.27.84.26
96,Terence,Paffley,tpaffley2n@tmall.com,Male,202.169.21.86
97,Patrizius,Clemonts,pclemonts2o@cnbc.com,Male,178.89.25.156
98,Dael,Harriot,dharriot2p@ted.com,Female,27.197.95.164
99,Wilt,Tether,wtether2q@alibaba.com,Male,114.42.124.81
100,Flory,Skellon,fskellon2r@nhs.uk,Female,70.182.17.144
101,Phil,Scudder,pscudder2s@fastcompany.com,Male,202.19.233.182
102,Ardyce,Hainey`,ahainey2t@tripod.com,Female,202.86.227.212
103,Brenn,Shah,bshah2u@discuz.net,Female,251.63.20.57
104,Miquela,D'Antoni,mdantoni2v@weather.com,Female,142.180.96.224
105,Corie,Eymor,ceymor2w@sphinn.com,Female,16.33.68.58
106,Patricia,Sacker,psacker2x@reddit.com,Female,211.179.110.126
107,Nissie,Keyson,nkeyson2y@google.ru,Female,56.168.117.81
108,Rori,Pealing,rpealing2z@flickr.com,Female,255.169.33.121
109,Veriee,Wealleans,vwealleans30@europa.eu,Female,174.54.54.160
110,Randolf,Dumbelton,rdumbelton31@sina.com.cn,Male,154.137.203.81
111,Jewelle,Chatin,jchatin32@mashable.com,Female,128.64.16.6
112,Amby,Trevon,atrevon33@ameblo.jp,Male,20.233.126.184
113,Lita,Howat,lhowat34@devhub.com,Female,65.114.247.29
114,Felix,Grace,fgrace35@geocities.com,Male,166.9.15.244
115,Sallyanne,Gudgin,sgudgin36@newsvine.com,Female,159.139.208.80
116,Conrade,Juara,cjuara37@google.com.hk,Male,223.44.30.202
117,Erinna,Northcliffe,enorthcliffe38@oracle.com,Female,72.125.1.132
118,Beck,Washtell,bwashtell39@shareasale.com,Male,112.152.40.76
119,Bidget,Furse,bfurse3a@canalblog.com,Female,95.56.26.58
120,Benton,Broschke,bbroschke3b@cam.ac.uk,Male,100.73.168.214
121,Brodie,Malecky,bmalecky3c@psu.edu,Male,230.214.157.164
122,Tricia,Druce,tdruce3d@examiner.com,Female,23.170.52.229
123,Erskine,Fitzpatrick,efitzpatrick3e@cyberchimps.com,Male,116.212.158.100
124,Ansell,Tracy,atracy3f@businessweek.com,Male,188.64.79.35
125,Kahlil,Rossbrooke,krossbrooke3g@github.io,Male,59.229.210.228
126,Jeremias,Theseira,jtheseira3h@fda.gov,Male,167.132.71.211
127,Will,Chominski,wchominski3i@spiegel.de,Male,110.193.53.10
128,Troy,Filoniere,tfiloniere3j@studiopress.com,Male,161.40.188.6
129,Aigneis,Cordelette,acordelette3k@economist.com,Female,217.34.135.178
130,Wynnie,Trewhitt,wtrewhitt3l@odnoklassniki.ru,Female,61.65.166.43
131,Hyacinthie,Wardesworth,hwardesworth3m@nsw.gov.au,Female,0.134.91.81
132,Haily,Clutton,hclutton3n@paginegialle.it,Female,162.205.158.133
133,Rocky,Drysdell,rdrysdell3o@answers.com,Male,4.162.173.234
134,Addi,Laurenz,alaurenz3p@scientificamerican.com,Genderqueer,19.38.137.223
135,Ethelin,Dudding,edudding3q@cbc.ca,Female,192.88.222.43
136,Lemmy,Parlott,lparlott3r@dedecms.com,Male,233.130.41.126
137,Jeniece,Fishe,jfishe3s@nationalgeographic.com,Female,82.25.181.139
138,Lonni,Anfusso,lanfusso3t@state.tx.us,Female,43.135.219.225
139,Pavla,Tarbert,ptarbert3u@icio.us,Female,186.14.34.213
140,Farand,Scones,fscones3v@unc.edu,Female,115.186.222.136
141,Jocelyne,Kubicek,jkubicek3w@ucoz.com,Non-binary,72.250.27.167
142,Irita,Dudhill,idudhill3x@webnode.com,Female,247.78.222.159
143,Link,Forsdike,lforsdike3y@wordpress.com,Male,172.101.73.175
144,Carey,Henrie,chenrie3z@odnoklassniki.ru,Female,232.6.161.191
145,Marin,Leivesley,mleivesley40@berkeley.edu,Female,73.156.100.144
146,Petronille,Sleet,psleet41@hud.gov,Female,24.147.255.82
147,Hugues,Gettings,hgettings42@fotki.com,Male,164.36.116.8
148,Boycie,Westnedge,bwestnedge43@sakura.ne.jp,Genderqueer,248.163.165.182
149,Donaugh,Mundford,dmundford44@opensource.org,Male,159.235.120.81
150,Abra,McGilvary,amcgilvary45@businessinsider.com,Female,44.150.112.134
151,Donaugh,Blankau,dblankau46@state.tx.us,Male,181.147.144.155
152,Rriocard,Normanvill,rnormanvill47@bloglines.com,Male,61.248.101.172
153,Kerr,Dallender,kdallender48@time.com,Male,203.245.150.95
154,Edik,Aslin,easlin49@prweb.com,Male,164.198.17.75
155,Terrence,Dearlove,tdearlove4a@si.edu,Male,37.231.122.13
156,Kanya,Conichie,kconichie4b@wp.com,Female,219.102.86.66
157,Clarie,Mulran,cmulran4c@plala.or.jp,Female,237.155.154.188
158,Eachelle,Birrane,ebirrane4d@google.ca,Female,41.24.63.35
159,Boone,Licciardello,blicciardello4e@wired.com,Male,251.89.184.111
160,Silvana,Ainsby,sainsby4f@digg.com,Female,60.34.124.49
161,Mikey,Djokovic,mdjokovic4g@blogger.com,Male,134.63.46.4
162,Freemon,Challinor,fchallinor4h@1688.com,Bigender,189.125.247.186
163,Kermie,Scrinage,kscrinage4i@yelp.com,Male,33.174.29.103
164,Muhammad,Chorlton,mchorlton4j@state.gov,Male,106.2.173.223
165,Patrick,Moyes,pmoyes4k@va.gov,Male,171.236.3.216
166,Brynn,Dineges,bdineges4l@virginia.edu,Female,231.199.26.36
167,Lincoln,Ramelot,lramelot4m@usatoday.com,Male,88.187.167.12
168,Casey,Nerne,cnerne4n@gov.uk,Female,130.110.164.231
169,Casey,Click,cclick4o@un.org,Male,200.124.221.54
170,Tracy,Cammis,tcammis4p@nationalgeographic.com,Female,191.137.142.75
171,Deirdre,Ginnelly,dginnelly4q@photobucket.com,Genderfluid,105.145.56.209
172,Feodora,Hansell,fhansell4r@umn.edu,Female,71.39.247.171
173,Gerri,Adlington,gadlington4s@uiuc.edu,Male,111.167.34.237
174,Granville,Udale,gudale4t@indiegogo.com,Male,165.72.113.126
175,Garv,Barrim,gbarrim4u@livejournal.com,Male,43.207.124.236
176,Esme,MacGorman,emacgorman4v@wufoo.com,Female,144.60.16.140
177,Aline,Minghetti,aminghetti4w@jugem.jp,Female,138.49.107.29
178,Ariadne,Moodie,amoodie4x@51.la,Female,231.202.124.35
179,Gray,Moakson,gmoakson4y@unesco.org,Genderfluid,144.70.109.157
180,Kizzie,Mattes,kmattes4z@merriam-webster.com,Female,138.191.113.251
181,Vania,Geydon,vgeydon50@opensource.org,Female,193.30.242.15
182,Douglass,Vickars,dvickars51@bing.com,Male,175.57.7.127
183,Gordon,Baudains,gbaudains52@sogou.com,Male,237.140.185.254
184,Huntlee,Geillier,hgeillier53@ihg.com,Male,56.130.198.130
185,Aldon,Lavell,alavell54@ibm.com,Male,97.77.76.48
186,Kathy,Lightwing,klightwing55@i2i.jp,Female,168.81.10.44
187,Lory,Caswall,lcaswall56@vkontakte.ru,Female,251.46.12.185
188,Carley,Tarney,ctarney57@nps.gov,Female,92.28.191.176
189,Panchito,Dunnico,pdunnico58@marketwatch.com,Male,130.215.68.84
190,Penny,Alexsandrev,palexsandrev59@nasa.gov,Male,25.171.196.150
191,Prescott,Scorer,pscorer5a@behance.net,Non-binary,111.224.233.154
192,Abner,Tinghill,atinghill5b@nps.gov,Male,96.203.75.254
193,Bethanne,Brachell,bbrachell5c@nih.gov,Female,212.110.170.153
194,Natala,Eggers,neggers5d@amazon.co.jp,Non-binary,139.253.157.204
195,Avrom,Flewett,aflewett5e@jugem.jp,Genderfluid,205.166.189.47
196,Ive,Maass,imaass5f@angelfire.com,Male,164.233.232.167
197,Jephthah,Lalonde,jlalonde5g@digg.com,Male,169.225.215.76
198,Dillon,Bereford,dbereford5h@discovery.com,Male,187.205.156.149
199,Shelley,Sapsed,ssapsed5i@java.com,Female,216.126.59.63
200,Nealon,Lasseter,nlasseter5j@nature.com,Male,25.249.0.213
201,Janka,Tamas,jtamas5k@livejournal.com,Female,174.1.231.141
202,Krystyna,Densun,kdensun5l@netvibes.com,Bigender,27.251.69.97
203,Halli,Thorlby,hthorlby5m@harvard.edu,Genderfluid,23.225.151.229
204,Constantino,Tanswill,ctanswill5n@google.de,Male,21.122.227.188
205,Elisabeth,Knapper,eknapper5o@amazon.co.jp,Female,80.86.241.35
206,Stevy,Buzin,sbuzin5p@hostgator.com,Male,241.139.78.94
207,Iorgos,Worcs,iworcs5q@fotki.com,Male,221.165.105.230
208,Lannie,Seers,lseers5r@altervista.org,Male,224.248.39.105
209,Othilia,Ovendon,oovendon5s@bizjournals.com,Female,7.9.221.162
210,Leona,Lamberteschi,llamberteschi5t@netvibes.com,Female,166.152.146.214
211,Catha,Doughartie,cdoughartie5u@bravesites.com,Female,203.242.39.9
212,Hurley,Aldin,haldin5v@twitpic.com,Male,142.161.203.117
213,Mathian,Stanesby,mstanesby5w@soundcloud.com,Male,227.240.187.44
214,Arty,Knutsen,aknutsen5x@friendfeed.com,Male,254.69.62.172
215,Keane,Brucker,kbrucker5y@youku.com,Male,149.61.226.142
216,Roderic,Yankov,ryankov5z@cbsnews.com,Male,12.3.254.76
217,Garland,Brabbins,gbrabbins60@bizjournals.com,Female,234.94.233.176
218,Halley,Cranmore,hcranmore61@xinhuanet.com,Female,126.201.198.46
219,Chryste,Goodboddy,cgoodboddy62@unblog.fr,Female,103.4.68.91
220,Denney,Wickey,dwickey63@etsy.com,Male,163.47.193.30
221,Cherianne,Calton,ccalton64@studiopress.com,Female,228.237.178.116
222,Baldwin,Enns,benns65@plala.or.jp,Male,43.154.179.56
223,Haleigh,Burwell,hburwell66@instagram.com,Female,117.202.122.36
224,Ardelia,Treneman,atreneman67@hud.gov,Female,75.244.233.33
225,Thorin,Keough,tkeough68@eventbrite.com,Male,240.151.0.138
226,Merrielle,Enoch,menoch69@usda.gov,Female,67.31.187.130
227,Leonardo,Maly,lmaly6a@studiopress.com,Male,51.189.127.91
228,Gill,Garrish,ggarrish6b@omniture.com,Male,183.112.52.16
229,Yancy,Bim,ybim6c@sciencedaily.com,Male,218.180.178.88
230,Damien,Goward,dgoward6d@oaic.gov.au,Male,24.8.17.26
231,Tamma,Eric,teric6e@wikia.com,Female,95.18.73.76
232,Lara,Cowell,lcowell6f@sun.com,Female,231.91.173.227
233,Donny,Moline,dmoline6g@nifty.com,Polygender,232.254.6.96
234,Jolee,Rallin,jrallin6h@nationalgeographic.com,Female,48.126.209.198
235,Patrice,Tilmouth,ptilmouth6i@abc.net.au,Polygender,93.213.34.251
236,Al,Playle,aplayle6j@slideshare.net,Male,197.31.31.47
237,Clareta,Gunn,cgunn6k@cyberchimps.com,Female,102.109.125.87
238,Flss,Stickley,fstickley6l@github.com,Bigender,44.183.44.143
239,Chadwick,Tregust,ctregust6m@oaic.gov.au,Male,174.143.75.218
240,Clywd,Lindsay,clindsay6n@salon.com,Genderfluid,109.201.198.201
241,Ramsay,Kingsly,rkingsly6o@joomla.org,Male,161.101.139.236
242,Sissy,Urry,surry6p@blog.com,Female,102.173.155.163
243,Peta,Cobley,pcobley6q@nsw.gov.au,Female,197.173.62.29
244,Malvin,Grimwade,mgrimwade6r@oaic.gov.au,Male,154.159.97.139
245,Evangelin,Killshaw,ekillshaw6s@amazon.co.uk,Female,67.131.179.177
246,Thorny,Gaythwaite,tgaythwaite6t@desdev.cn,Male,229.28.80.71
247,Lenna,Androlli,landrolli6u@shareasale.com,Female,58.118.114.105
248,Borden,Rulf,brulf6v@google.nl,Male,30.55.37.30
249,Lucretia,Evesque,levesque6w@msn.com,Female,44.111.167.117
250,Hagen,Krolak,hkrolak6x@istockphoto.com,Male,22.151.60.100
251,Jourdain,Blacksell,jblacksell6y@unc.edu,Genderqueer,104.90.222.198
252,Aloysius,Jordison,ajordison6z@ebay.com,Male,247.212.137.37
253,Winslow,Marham,wmarham70@blogtalkradio.com,Male,255.254.211.149
254,Aldo,Llewelly,allewelly71@simplemachines.org,Male,48.27.135.250
255,Urbain,Cooksey,ucooksey72@facebook.com,Male,82.42.6.230
256,Teddy,Rannigan,trannigan73@mozilla.org,Male,203.126.192.122
257,Francesca,Joselevitz,fjoselevitz74@zimbio.com,Bigender,42.174.5.8
258,Dougy,Robbie,drobbie75@ebay.co.uk,Male,110.110.116.20
259,Jaquelin,Haestier,jhaestier76@weibo.com,Female,121.108.104.154
260,Berte,Almon,balmon77@livejournal.com,Female,198.212.218.150
261,Callida,Sheach,csheach78@wisc.edu,Female,254.48.184.117
262,Randene,Kopmann,rkopmann79@jugem.jp,Female,148.201.117.50
263,Christean,Carillo,ccarillo7a@sogou.com,Polygender,218.156.203.92
264,Elnora,Tearle,etearle7b@nyu.edu,Female,5.228.184.140
265,Ernesta,Lincoln,elincoln7c@nps.gov,Female,253.71.49.195
266,Jenda,Dockreay,jdockreay7d@pinterest.com,Female,81.11.47.99
267,Sid,Fowden,sfowden7e@cdc.gov,Male,57.97.78.52
268,Marget,O'Kennedy,mokennedy7f@soundcloud.com,Female,30.85.162.156
269,Gaye,Sotheron,gsotheron7g@mapquest.com,Female,135.115.136.18
270,Delmer,Haddick,dhaddick7h@blinklist.com,Male,237.203.210.76
271,Regine,Strickett,rstrickett7i@1688.com,Female,138.162.172.223
272,Patience,Norval,pnorval7j@wired.com,Female,23.136.182.56
273,Ulick,Humphrys,uhumphrys7k@cdbaby.com,Genderfluid,89.70.151.128
274,Martainn,Dowry,mdowry7l@wunderground.com,Male,55.105.86.90
275,Lorne,Callaway,lcallaway7m@cnbc.com,Female,119.206.81.120
276,Luigi,Cabotto,lcabotto7n@ow.ly,Male,88.121.252.15
277,Torey,Fynan,tfynan7o@utexas.edu,Non-binary,142.4.165.125
278,Astrix,Mateja,amateja7p@dion.ne.jp,Female,143.159.6.230
279,Harold,Wellen,hwellen7q@bluehost.com,Genderfluid,201.20.9.46
280,Osmond,Knudsen,oknudsen7r@1und1.de,Male,61.252.79.147
281,Jenifer,Kleinholz,jkleinholz7s@nymag.com,Female,189.167.252.102
282,Ly,Simoneau,lsimoneau7t@state.tx.us,Male,37.176.183.27
283,Les,Moxom,lmoxom7u@ft.com,Male,199.245.232.225
284,Niki,Arnson,narnson7v@4shared.com,Female,225.5.122.149
285,Oren,Vahey,ovahey7w@fda.gov,Male,23.163.210.81
286,Joela,Janu,jjanu7x@etsy.com,Female,118.246.217.145
287,Matthias,Meric,mmeric7y@example.com,Male,170.125.70.61
288,Cosimo,Beeho,cbeeho7z@themeforest.net,Male,68.6.11.99
289,Ediva,Shann,eshann80@newyorker.com,Female,11.29.53.157
290,Eleanora,Malan,emalan81@acquirethisname.com,Female,168.131.198.191
291,Bessy,Bowcock,bbowcock82@google.ca,Female,60.96.79.36
292,Phillip,Cornilleau,pcornilleau83@pen.io,Male,228.37.215.113
293,Velvet,Worden,vworden84@wufoo.com,Female,76.205.163.93
294,Hewet,Gabbitas,hgabbitas85@fastcompany.com,Male,149.109.165.194
295,Enrichetta,Mackleden,emackleden86@answers.com,Female,190.181.246.227
296,Fayth,Barajas,fbarajas87@flavors.me,Female,1.75.18.65
297,Blondy,Norker,bnorker88@newyorker.com,Female,158.10.210.95
298,Alaric,Mc Menamin,amcmenamin89@noaa.gov,Male,60.76.143.160
299,Jacobo,Lemme,jlemme8a@livejournal.com,Male,14.103.190.25
300,Darwin,Geraud,dgeraud8b@merriam-webster.com,Male,99.145.236.38
301,Clemens,Soreau,csoreau8c@nps.gov,Male,121.48.222.230
302,Clarinda,Pickering,cpickering8d@aboutads.info,Female,160.109.108.32
303,Fina,Tissier,ftissier8e@networksolutions.com,Female,195.77.219.252
304,Izaak,Dendle,idendle8f@moonfruit.com,Male,208.110.96.230
305,Gerhard,Montel,gmontel8g@cbsnews.com,Male,187.99.151.220
306,Hardy,Jennison,hjennison8h@netlog.com,Male,97.91.47.1
307,Danielle,Metzing,dmetzing8i@hibu.com,Female,109.85.40.193
308,Brannon,Franceschi,bfranceschi8j@squidoo.com,Male,139.184.211.250
309,Filberto,Palluschek,fpalluschek8k@is.gd,Male,157.171.138.9
310,Charmian,Vawton,cvawton8l@51.la,Female,24.170.231.93
311,Maryjo,Grigoletti,mgrigoletti8m@creativecommons.org,Female,238.94.244.66
312,Constance,Sleicht,csleicht8n@netscape.com,Female,80.105.217.157
313,Locke,Hutson,lhutson8o@blog.com,Non-binary,248.33.235.206
314,Bessy,Elloway,belloway8p@who.int,Female,22.173.47.174
315,Roxine,Larvent,rlarvent8q@a8.net,Female,176.239.100.114
316,Farlay,Hinemoor,fhinemoor8r@huffingtonpost.com,Genderqueer,47.206.183.177
317,Dominique,Wasmer,dwasmer8s@home.pl,Male,151.9.197.96
318,Fara,Gibbins,fgibbins8t@redcross.org,Female,154.219.138.227
319,Kyle,Eckhard,keckhard8u@behance.net,Male,38.146.150.85
320,Liz,Bertomier,lbertomier8v@dell.com,Female,219.6.162.220
321,Brier,Senner,bsenner8w@illinois.edu,Female,55.231.130.107
322,Celine,Zimmermeister,czimmermeister8x@comsenz.com,Female,2.12.69.168
323,Woody,Cains,wcains8y@myspace.com,Male,102.219.243.110
324,Elberta,Winskill,ewinskill8z@google.com.au,Female,67.89.51.210
325,Ibbie,Puckett,ipuckett90@tmall.com,Female,11.35.70.126
326,Hernando,Raun,hraun91@ameblo.jp,Male,77.56.60.253
327,Archy,Hiom,ahiom92@sitemeter.com,Male,26.135.0.255
328,Erina,Demkowicz,edemkowicz93@barnesandnoble.com,Female,143.86.53.52
329,Zarah,Koopman,zkoopman94@eventbrite.com,Non-binary,252.143.224.6
330,Malvin,Cahalan,mcahalan95@amazon.co.uk,Male,231.191.28.11
331,Abrahan,Mettrick,amettrick96@bbc.co.uk,Male,111.90.96.172
332,Fionnula,Jest,fjest97@ycombinator.com,Female,6.68.13.231
333,Hamlin,Lynds,hlynds98@omniture.com,Male,38.21.91.235
334,Orland,Jupe,ojupe99@illinois.edu,Male,41.163.92.119
335,Kaylil,Bernaldo,kbernaldo9a@nydailynews.com,Female,85.155.13.179
336,Corly,Ranby,cranby9b@prweb.com,Female,139.4.162.244
337,Wallache,Misson,wmisson9c@mac.com,Male,59.149.123.155
338,Hersh,Backs,hbacks9d@yale.edu,Male,75.55.95.101
339,Garnet,Topp,gtopp9e@eventbrite.com,Female,210.3.148.193
340,Mariele,Beretta,mberetta9f@vinaora.com,Female,69.70.37.59
341,Ebonee,Milland,emilland9g@who.int,Female,231.90.175.203
342,Bronny,Borrowman,bborrowman9h@nih.gov,Bigender,224.14.159.162
343,Olivia,Geraldini,ogeraldini9i@ted.com,Female,12.144.54.169
344,Alfonse,Kira,akira9j@smugmug.com,Male,135.119.10.60
345,Julee,Charke,jcharke9k@uiuc.edu,Female,235.215.20.192
346,Rufus,Isenor,risenor9l@bluehost.com,Male,139.172.152.116
347,Theodor,Santon,tsanton9m@360.cn,Male,92.228.78.208
348,Cirstoforo,Trowell,ctrowell9n@ifeng.com,Non-binary,207.65.173.202
349,Augustina,Pigney,apigney9o@ft.com,Female,142.227.87.35
350,Milly,Yellowley,myellowley9p@hc360.com,Genderqueer,109.190.158.148
351,Olympie,Toping,otoping9q@ft.com,Female,87.72.60.85
352,Alecia,Conring,aconring9r@canalblog.com,Female,70.51.100.82
353,Rogerio,Cantillion,rcantillion9s@tripadvisor.com,Male,0.165.39.99
354,Terri,Bernardeschi,tbernardeschi9t@columbia.edu,Male,166.63.192.174
355,Thorsten,Dawney,tdawney9u@dailymail.co.uk,Male,27.42.90.245
356,Eyde,Barribal,ebarribal9v@altervista.org,Female,224.115.80.105
357,Nicky,Ellen,nellen9w@businesswire.com,Female,173.232.88.60
358,Griffin,Willison,gwillison9x@blog.com,Non-binary,52.37.33.167
359,Orazio,Hemshall,ohemshall9y@com.com,Male,32.141.45.225
360,Reggy,Ferri,rferri9z@mail.ru,Male,25.186.76.54
361,Conway,McKimm,cmckimma0@last.fm,Male,38.105.11.241
362,Winona,Cason,wcasona1@bloglines.com,Female,10.102.248.111
363,Roddy,Dossett,rdossetta2@patch.com,Male,1.6.177.138
364,Gretta,Smitheman,gsmithemana3@mtv.com,Female,55.186.61.123
365,Gerrilee,Jodrellec,gjodrelleca4@unesco.org,Female,48.1.76.13
366,Lolly,Pigrome,lpigromea5@github.io,Female,194.175.109.202
367,Morgana,Bowmaker,mbowmakera6@uol.com.br,Female,182.66.20.150
368,Dael,Kolak,dkolaka7@wordpress.com,Female,109.195.8.190
369,Joice,Kill,jkilla8@blogger.com,Female,36.249.191.154
370,Riley,Jope,rjopea9@gnu.org,Male,220.121.198.99
371,Keely,Ladley,kladleyaa@ucsd.edu,Female,91.61.124.30
372,Celina,Lansberry,clansberryab@cdbaby.com,Female,230.197.133.176
373,Patton,Fairrie,pfairrieac@creativecommons.org,Polygender,152.210.88.92
374,Lynnell,Isaq,lisaqad@xing.com,Female,249.251.242.26
375,Abraham,O'Kieran,aokieranae@odnoklassniki.ru,Male,140.148.158.56
376,Shannah,Kellet,skelletaf@alibaba.com,Female,24.235.212.93
377,Antonina,Rankine,arankineag@tiny.cc,Female,10.26.174.254
378,Drusy,Whate,dwhateah@cbslocal.com,Female,93.59.92.210
379,Mareah,Oene,moeneai@bloglines.com,Female,86.15.135.155
380,Maryjane,Andreichik,mandreichikaj@4shared.com,Female,60.114.22.11
381,Mellisa,Chipp,mchippak@nymag.com,Female,36.25.229.189
382,Beverlie,Canadas,bcanadasal@hatena.ne.jp,Female,141.61.234.25
383,Drugi,Szymonwicz,dszymonwiczam@bravesites.com,Male,139.251.148.166
384,Jean,Swithenby,jswithenbyan@joomla.org,Male,173.100.59.113
385,Clifford,Janczyk,cjanczykao@infoseek.co.jp,Male,101.8.152.1
386,Roda,Sabathier,rsabathierap@cnbc.com,Female,76.182.128.38
387,Bernice,Bonafacino,bbonafacinoaq@cnet.com,Female,176.27.123.181
388,Ddene,Gosford,dgosfordar@simplemachines.org,Female,220.102.3.33
389,Jeralee,Rye,jryeas@businessweek.com,Female,71.137.57.237
390,Lissi,Langtry,llangtryat@cdc.gov,Female,226.12.63.6
391,Imelda,Elcoate,ielcoateau@sphinn.com,Female,203.247.68.94
392,Lonny,Bostick,lbostickav@intel.com,Male,17.129.52.233
393,Darcie,Beddo,dbeddoaw@joomla.org,Female,7.222.206.70
394,Myrlene,Harbison,mharbisonax@washington.edu,Female,7.66.197.212
395,Serge,Hechlin,shechlinay@digg.com,Male,159.93.223.123
396,Margo,Nehlsen,mnehlsenaz@ted.com,Female,96.88.154.196
397,Shelly,Mitkov,smitkovb0@gravatar.com,Female,148.206.69.211
398,Angelita,Escale,aescaleb1@sun.com,Genderfluid,40.103.166.38
399,Marty,Crowthe,mcrowtheb2@netscape.com,Male,42.152.84.101
400,Wolfie,Dy,wdyb3@hostgator.com,Male,205.66.208.109
401,Dav,Jameson,djamesonb4@example.com,Male,26.147.172.214
402,Dukie,Birt,dbirtb5@blog.com,Male,212.133.56.166
403,Spence,Gillott,sgillottb6@zdnet.com,Male,227.65.76.185
404,Geoffry,Aslet,gasletb7@tripadvisor.com,Male,119.244.140.219
405,Theadora,Resun,tresunb8@java.com,Female,8.57.32.51
406,Amelie,Ruspine,aruspineb9@samsung.com,Female,23.2.93.27
407,Fraser,Malafe,fmalafeba@shareasale.com,Male,144.175.107.241
408,Kerr,Stopps,kstoppsbb@sakura.ne.jp,Male,97.219.100.10
409,Kelwin,Doll,kdollbc@twitter.com,Male,73.157.188.249
410,Boy,McAdam,bmcadambd@answers.com,Male,100.238.66.217
411,Claudian,Kilmartin,ckilmartinbe@wikispaces.com,Male,25.211.222.198
412,Lethia,Ponten,lpontenbf@ibm.com,Bigender,214.75.124.78
413,Ab,Hilary,ahilarybg@cnn.com,Male,225.70.172.6
414,Tamas,McQuilkin,tmcquilkinbh@who.int,Male,68.125.240.20
415,Goraud,Tomkins,gtomkinsbi@yale.edu,Male,75.255.171.121
416,Alyssa,O'Halloran,aohalloranbj@themeforest.net,Female,24.79.73.147
417,Sondra,Orbine,sorbinebk@cafepress.com,Female,235.175.192.208
418,Wood,Bechley,wbechleybl@aol.com,Male,50.219.142.176
419,Clyde,De Malchar,cdemalcharbm@bbc.co.uk,Agender,58.204.69.62
420,Adelice,Dietsche,adietschebn@qq.com,Genderfluid,3.221.30.194
421,Carl,Clail,cclailbo@dagondesign.com,Male,27.175.152.226
422,Winston,Iacopetti,wiacopettibp@feedburner.com,Male,101.103.230.135
423,Godwin,MacTrustram,gmactrustrambq@europa.eu,Male,196.18.247.57
424,Shaine,Gilpillan,sgilpillanbr@hibu.com,Male,44.14.142.109
425,Klement,Joreau,kjoreaubs@chronoengine.com,Male,106.96.53.198
426,Forbes,Connechy,fconnechybt@baidu.com,Male,125.153.47.155
427,Larina,Rozec,lrozecbu@sohu.com,Female,113.136.53.226
428,Othilie,Minichillo,ominichillobv@google.co.jp,Female,184.151.239.20
429,Eada,Littledike,elittledikebw@purevolume.com,Female,45.79.41.232
430,Eliza,Beddis,ebeddisbx@privacy.gov.au,Female,138.111.34.16
431,Chancey,Ashelford,cashelfordby@howstuffworks.com,Male,146.227.12.84
432,Stormi,Risby,srisbybz@samsung.com,Female,157.75.96.21
433,Cobby,Louch,clouchc0@ft.com,Male,29.38.146.146
434,Marjie,Quinney,mquinneyc1@addthis.com,Female,207.252.216.50
435,Montgomery,Mettrick,mmettrickc2@sitemeter.com,Male,162.30.170.113
436,Eva,Brimble,ebrimblec3@sitemeter.com,Female,176.164.105.252
437,Zaccaria,Nore,znorec4@redcross.org,Male,70.201.27.244
438,Vernor,Gilliam,vgilliamc5@mayoclinic.com,Male,82.58.229.152
439,Allayne,Dirand,adirandc6@slashdot.org,Male,172.66.116.253
440,Mandy,Stanfield,mstanfieldc7@patch.com,Female,102.191.7.34
441,Rasla,Suermeiers,rsuermeiersc8@ca.gov,Non-binary,180.42.231.88
442,Killy,Dunphy,kdunphyc9@soundcloud.com,Male,250.157.190.254
443,Kalinda,Bewly,kbewlyca@ft.com,Female,42.134.231.196
444,Lyell,Baudon,lbaudoncb@uol.com.br,Male,220.177.37.38
445,Poppy,Cubley,pcubleycc@histats.com,Female,125.61.171.25
446,Lucian,Jalland,ljallandcd@1688.com,Male,254.154.161.96
447,Hillier,Tarbard,htarbardce@hao123.com,Male,228.114.6.83
448,Ashlin,Livick,alivickcf@google.com,Male,151.253.251.64
449,Moll,Hayhow,mhayhowcg@hubpages.com,Female,27.38.39.69
450,Dian,Verlander,dverlanderch@ask.com,Female,191.137.1.173
451,Kory,Torricina,ktorricinaci@posterous.com,Male,204.97.230.65
452,Luther,Burdon,lburdoncj@bravesites.com,Male,43.117.94.37
453,Keelby,Mayger,kmaygerck@noaa.gov,Male,255.17.18.254
454,Babs,Cobello,bcobellocl@who.int,Female,152.38.6.195
455,Perice,Flanne,pflannecm@liveinternet.ru,Male,178.250.94.242
456,Cooper,Ruhben,cruhbencn@nifty.com,Male,6.230.85.227
457,Neala,Rivenzon,nrivenzonco@reddit.com,Female,151.189.78.177
458,Arni,Street,astreetcp@furl.net,Male,85.195.43.206
459,Garrott,MacIlriach,gmacilriachcq@addtoany.com,Male,39.63.133.233
460,Caralie,Armatys,carmatyscr@amazon.co.jp,Female,82.248.178.10
461,Gelya,Coppock.,gcoppockcs@wikipedia.org,Female,170.238.184.199
462,Lewes,Behninck,lbehninckct@omniture.com,Agender,140.243.243.68
463,Clement,Ellershaw,cellershawcu@wp.com,Polygender,226.4.10.16
464,Lindy,Shreenan,lshreenancv@whitehouse.gov,Agender,86.73.164.4
465,Briana,Huttley,bhuttleycw@google.cn,Female,93.87.214.173
466,Maire,Ludye,mludyecx@cisco.com,Female,111.98.40.242
467,Roz,Dowthwaite,rdowthwaitecy@epa.gov,Female,160.3.44.231
468,Ursola,Duxbury,uduxburycz@clickbank.net,Female,252.69.27.33
469,Kyle,Robardet,krobardetd0@statcounter.com,Female,100.164.23.40
470,Joshia,Curreen,jcurreend1@ucoz.ru,Male,128.186.173.159
471,Phylys,Carlet,pcarletd2@ameblo.jp,Female,252.184.140.112
472,Miner,Justun,mjustund3@yolasite.com,Male,192.15.88.106
473,Tam,Klink,tklinkd4@smh.com.au,Male,109.222.98.208
474,Gertruda,Borgesio,gborgesiod5@cbc.ca,Female,181.83.216.2
475,Danyelle,Ellesworth,dellesworthd6@google.fr,Female,143.53.28.215
476,Damien,Tinsey,dtinseyd7@com.com,Genderfluid,147.45.157.16
477,Margarete,MacGettigen,mmacgettigend8@jiathis.com,Female,14.223.142.172
478,Stacia,Croxford,scroxfordd9@house.gov,Female,139.76.228.125
479,Devonne,Skirvane,dskirvaneda@epa.gov,Female,3.74.231.202
480,Viole,Rozenzweig,vrozenzweigdb@scribd.com,Female,28.82.227.46
481,Dayle,Frewer,dfrewerdc@newsvine.com,Female,97.47.128.184
482,Deerdre,Relph,drelphdd@google.nl,Female,37.233.122.73
483,Geoffry,Parradice,gparradicede@virginia.edu,Male,48.36.31.0
484,Myron,Hacun,mhacundf@ucoz.ru,Male,210.2.101.9
485,Chere,Bishopp,cbishoppdg@topsy.com,Non-binary,106.37.83.76
486,Barby,Etridge,betridgedh@fc2.com,Female,122.29.99.131
487,Holly-anne,Dukes,hdukesdi@theglobeandmail.com,Female,10.246.234.125
488,Idaline,Plesing,iplesingdj@eventbrite.com,Female,179.17.121.203
489,Adam,Sillars,asillarsdk@businesswire.com,Non-binary,18.88.26.192
490,Florance,Bargery,fbargerydl@bloglovin.com,Genderfluid,162.244.90.83
491,Ina,Fowle,ifowledm@wp.com,Female,111.204.204.9
492,Lonny,Nequest,lnequestdn@tamu.edu,Male,175.229.46.22
493,Frederica,Carren,fcarrendo@paypal.com,Female,185.174.232.217
494,Tedi,Ossulton,tossultondp@ucla.edu,Female,87.185.93.238
495,Kearney,Doree,kdoreedq@diigo.com,Male,105.8.247.25
496,Brook,Dancer,bdancerdr@odnoklassniki.ru,Male,209.104.126.39
497,Katine,Hague,khagueds@livejournal.com,Female,38.213.239.254
498,Nicolina,Channer,nchannerdt@globo.com,Female,61.132.67.15
499,Penni,Peplay,ppeplaydu@reuters.com,Female,82.136.138.171
500,Fiona,Linay,flinaydv@taobao.com,Female,244.19.137.113
501,Rab,Scotson,rscotsondw@artisteer.com,Genderqueer,188.108.169.183
502,Renault,Mapstone,rmapstonedx@bizjournals.com,Bigender,35.142.242.252
503,Valaria,Jerdan,vjerdandy@t.co,Female,145.42.214.180
504,Kandace,Winckle,kwinckledz@wikimedia.org,Non-binary,207.106.179.81
505,Brandon,Calbreath,bcalbreathe0@feedburner.com,Male,132.7.67.106
506,Rey,Trencher,rtrenchere1@webmd.com,Male,82.57.195.92
507,Francoise,Klyn,fklyne2@nih.gov,Female,26.74.96.156
508,Clotilda,Elsegood,celsegoode3@ted.com,Female,170.83.0.59
509,Robena,Black,rblacke4@umich.edu,Female,102.94.155.168
510,Page,Muckloe,pmuckloee5@slate.com,Male,36.88.250.51
511,Daryn,Paulus,dpauluse6@utexas.edu,Female,11.255.204.240
512,Deloris,Rosita,drositae7@rambler.ru,Female,84.29.93.254
513,Galen,Mityakov,gmityakove8@netvibes.com,Male,27.209.72.202
514,Barbie,Sapwell,bsapwelle9@about.com,Non-binary,204.238.207.236
515,Olva,Clitherow,oclitherowea@alexa.com,Female,58.7.122.74
516,Carlotta,Simonett,csimonetteb@bravesites.com,Female,79.223.188.115
517,Ashleigh,Kinnon,akinnonec@etsy.com,Female,114.8.195.82
518,Alvis,Mamwell,amamwelled@opensource.org,Male,147.9.45.159
519,Matias,Duddan,mduddanee@slashdot.org,Male,93.231.172.115
520,Farah,Goodison,fgoodisonef@army.mil,Female,200.42.242.195
521,Pancho,De Malchar,pdemalchareg@goo.ne.jp,Male,230.33.33.204
522,Crista,Itschakov,citschakoveh@freewebs.com,Female,50.30.52.131
523,Mia,Keri,mkeriei@wunderground.com,Female,32.213.40.62
524,Feliks,O' Scallan,foscallanej@unc.edu,Male,180.102.202.94
525,Charyl,Ridsdale,cridsdaleek@nba.com,Female,188.82.5.122
526,Livvy,Samet,lsametel@guardian.co.uk,Female,88.46.158.64
527,Hasty,Truin,htruinem@reuters.com,Male,10.75.172.224
528,Jarret,Gorrick,jgorricken@independent.co.uk,Polygender,9.15.69.38
529,Gregoor,Lucius,gluciuseo@house.gov,Male,45.130.191.39
530,Neal,Stebbins,nstebbinsep@de.vu,Male,223.23.163.248
531,Charmion,Finnigan,cfinniganeq@hostgator.com,Female,159.142.223.255
532,Rayna,Gledstane,rgledstaneer@macromedia.com,Female,240.230.85.23
533,Layla,Egell,legelles@csmonitor.com,Agender,246.211.22.92
534,Torey,Purse,tpurseet@timesonline.co.uk,Male,238.157.240.226
535,Gillan,Guy,gguyeu@sogou.com,Female,27.251.204.82
536,Lew,Olivello,lolivelloev@harvard.edu,Male,138.193.200.3
537,Ginnifer,Briars,gbriarsew@netscape.com,Female,75.1.56.161
538,Jenilee,Mowlam,jmowlamex@marketwatch.com,Female,114.166.148.225
539,Thoma,Purkis,tpurkisey@list-manage.com,Male,38.153.210.65
540,Serge,Dautry,sdautryez@desdev.cn,Male,134.161.232.131
541,Gare,Shillaker,gshillakerf0@narod.ru,Male,102.70.159.198
542,Britteny,Seaking,bseakingf1@uol.com.br,Female,128.191.77.113
543,Joletta,Alten,jaltenf2@seesaa.net,Female,212.245.138.78
544,Leora,Mallebone,lmallebonef3@berkeley.edu,Female,223.92.220.58
545,Quintina,La Batie,qlabatief4@com.com,Female,13.77.175.153
546,Halette,MacGillreich,hmacgillreichf5@rambler.ru,Genderfluid,61.153.108.13
547,Rivkah,Morpeth,rmorpethf6@ycombinator.com,Female,15.143.221.50
548,Bernarr,Mucci,bmuccif7@cnbc.com,Male,162.65.49.71
549,Andie,Malser,amalserf8@virginia.edu,Male,178.159.29.78
550,Bertrand,Dunwoody,bdunwoodyf9@reverbnation.com,Male,54.58.232.61
551,Gregorio,Bignold,gbignoldfa@ehow.com,Male,5.85.34.103
552,Blondy,Bennedick,bbennedickfb@youtu.be,Female,239.58.126.131
553,Hesther,Kenforth,hkenforthfc@jiathis.com,Female,33.104.82.186
554,Isaak,Jerram,ijerramfd@canalblog.com,Male,194.190.131.90
555,Consolata,Phorsby,cphorsbyfe@ftc.gov,Female,187.33.154.38
556,Alla,Dalyiel,adalyielff@tinyurl.com,Female,157.152.205.192
557,Batholomew,McLucky,bmcluckyfg@ucoz.com,Male,235.131.24.233
558,Holt,Bolt,hboltfh@oracle.com,Male,182.44.128.106
559,Shayla,Maddox,smaddoxfi@woothemes.com,Female,227.0.238.76
560,Riordan,Malham,rmalhamfj@rediff.com,Male,45.73.197.119
561,Jock,Short,jshortfk@mapquest.com,Male,11.92.152.174
562,Kellen,Pooley,kpooleyfl@arstechnica.com,Male,167.2.0.173
563,Allen,Levett,alevettfm@china.com.cn,Male,161.230.152.90
564,Dona,Woolvett,dwoolvettfn@yale.edu,Female,110.208.138.127
565,Christiane,Matthewman,cmatthewmanfo@ftc.gov,Non-binary,187.55.215.108
566,Alica,Shortin,ashortinfp@chronoengine.com,Female,226.177.89.212
567,Murdock,Ashelford,mashelfordfq@moonfruit.com,Male,234.15.209.246
568,Enriqueta,Bentame,ebentamefr@wiley.com,Female,18.250.144.181
569,Ariel,Sutton,asuttonfs@nasa.gov,Male,232.147.128.170
570,Saxon,Harrhy,sharrhyft@zdnet.com,Male,190.227.137.71
571,Garreth,Oldnall,goldnallfu@theguardian.com,Male,51.78.134.109
572,Sallyann,Dowey,sdoweyfv@sun.com,Non-binary,144.190.144.220
573,Cointon,Ionesco,cionescofw@linkedin.com,Male,156.96.10.102
574,Arnold,Growy,agrowyfx@wordpress.org,Male,230.143.121.192
575,Trueman,Pindell,tpindellfy@last.fm,Male,143.160.60.27
576,Jacinda,Newberry,jnewberryfz@dedecms.com,Female,89.241.181.51
577,Josey,Cuvley,jcuvleyg0@google.it,Female,54.66.44.17
578,Jedidiah,Meredith,jmeredithg1@whitehouse.gov,Male,231.81.124.116
579,Ella,Chaloner,echalonerg2@patch.com,Female,24.189.236.20
580,Crosby,Stidworthy,cstidworthyg3@posterous.com,Male,181.224.23.220
581,Corrina,Trevena,ctrevenag4@va.gov,Female,35.96.250.3
582,Petronilla,Rosendahl,prosendahlg5@amazon.de,Female,90.55.23.105
583,Ginny,Ellam,gellamg6@theglobeandmail.com,Female,83.101.249.207
584,Louie,Beeden,lbeedeng7@hud.gov,Male,220.223.11.91
585,Roosevelt,Meiklejohn,rmeiklejohng8@google.nl,Male,117.163.62.6
586,Geralda,Listone,glistoneg9@gmpg.org,Female,24.37.200.151
587,Isidore,Dykes,idykesga@google.com.br,Male,70.172.13.41
588,Beverlie,Burfoot,bburfootgb@typepad.com,Female,184.69.56.222
589,Thelma,MacPhee,tmacpheegc@dagondesign.com,Female,213.80.8.164
590,Shane,Leng,slenggd@wikispaces.com,Male,65.115.176.56
591,Cheri,Cramond,ccramondge@dmoz.org,Female,214.220.15.201
592,Tobey,Ancliff,tancliffgf@google.com.au,Female,151.218.97.53
593,Ulla,McNelis,umcnelisgg@unc.edu,Agender,153.171.58.33
594,Arte,Woodington,awoodingtongh@china.com.cn,Male,142.121.136.126
595,Ezri,Glavis,eglavisgi@technorati.com,Male,68.60.205.243
596,Glenn,Leatherbarrow,gleatherbarrowgj@printfriendly.com,Bigender,204.254.248.74
597,Mella,Curragh,mcurraghgk@feedburner.com,Female,140.59.90.141
598,Riki,Costard,rcostardgl@amazon.com,Female,231.6.118.233
599,Lonni,Broadstock,lbroadstockgm@china.com.cn,Female,100.138.131.147
600,Marietta,Fison,mfisongn@123-reg.co.uk,Female,102.53.108.26
601,Mata,Brimicombe,mbrimicombego@soup.io,Male,24.255.83.87
602,Idelle,Zuker,izukergp@apache.org,Agender,105.83.134.14
603,Kari,Jezzard,kjezzardgq@bing.com,Female,214.128.11.232
604,Darla,Meijer,dmeijergr@disqus.com,Female,121.16.201.226
605,Alwin,Cabbell,acabbellgs@ca.gov,Male,10.130.169.49
606,Nichols,Pampling,npamplinggt@edublogs.org,Male,72.204.21.38
607,Rourke,Artis,rartisgu@nyu.edu,Male,193.194.237.149
608,Ronica,Dooly,rdoolygv@gnu.org,Female,127.130.188.207
609,Edin,Conrart,econrartgw@istockphoto.com,Female,17.169.217.149
610,Netta,Melmeth,nmelmethgx@howstuffworks.com,Female,233.41.188.182
611,Sheena,Eilers,seilersgy@china.com.cn,Female,138.203.44.241
612,Kenny,Brunskill,kbrunskillgz@digg.com,Male,115.248.150.138
613,Sawyer,Bisiker,sbisikerh0@walmart.com,Male,184.16.56.249
614,Stephie,Imason,simasonh1@addtoany.com,Female,75.240.130.206
615,Jillene,Whorton,jwhortonh2@wiley.com,Female,124.230.230.64
616,Bonnee,Lum,blumh3@github.io,Female,84.82.30.247
617,Philippa,McKimmey,pmckimmeyh4@topsy.com,Female,96.226.160.140
618,Ody,Perschke,operschkeh5@cloudflare.com,Male,180.218.203.19
619,Suzanna,Gilluley,sgilluleyh6@exblog.jp,Female,39.77.113.255
620,Mallissa,McNae,mmcnaeh7@blogs.com,Female,68.159.238.60
621,Gene,Bugbird,gbugbirdh8@surveymonkey.com,Male,147.236.246.127
622,Elladine,Phillpotts,ephillpottsh9@vimeo.com,Female,136.247.66.48
623,Roobbie,Entissle,rentissleha@chronoengine.com,Female,33.43.39.18
624,Loralie,Gaskamp,lgaskamphb@reddit.com,Female,153.24.226.197
625,Blanch,Guirau,bguirauhc@house.gov,Female,251.32.179.191
626,Lorrie,Hampshaw,lhampshawhd@ustream.tv,Female,64.23.248.105
627,Diane,Zanassi,dzanassihe@imageshack.us,Female,112.7.202.217
628,Standford,Kiehl,skiehlhf@aol.com,Male,2.183.54.117
629,Jessalin,Setchfield,jsetchfieldhg@independent.co.uk,Female,213.153.197.45
630,Ellswerth,Bartleet,ebartleethh@deliciousdays.com,Male,100.18.44.237
631,Mirna,Kryska,mkryskahi@wiley.com,Female,64.39.135.57
632,Cathi,Cornely,ccornelyhj@opensource.org,Female,193.109.137.188
633,Petr,Diano,pdianohk@google.co.uk,Male,104.149.221.71
634,Salomo,Ivanusyev,sivanusyevhl@gmpg.org,Male,95.123.210.145
635,Bradney,McMichell,bmcmichellhm@ucoz.com,Male,206.18.46.59
636,Annaliese,McCreery,amccreeryhn@sogou.com,Female,160.24.52.228
637,Rhianon,Domek,rdomekho@tinyurl.com,Female,212.226.27.83
638,Clim,Eastment,ceastmenthp@posterous.com,Male,16.161.181.70
639,Denis,Whitwam,dwhitwamhq@barnesandnoble.com,Male,169.250.216.68
640,Kristy,Oman,komanhr@nytimes.com,Female,203.7.189.93
641,Krishnah,Daniely,kdanielyhs@bloglines.com,Male,59.149.24.247
642,Travus,Cella,tcellaht@usnews.com,Male,43.160.207.150
643,Shelley,Scohier,sscohierhu@berkeley.edu,Male,1.211.129.211
644,Orson,Fobidge,ofobidgehv@harvard.edu,Male,53.37.161.138
645,Lauree,Perillo,lperillohw@so-net.ne.jp,Female,23.60.96.128
646,Torrie,Pepon,tpeponhx@opensource.org,Female,75.27.57.127
647,Darryl,Olyfant,dolyfanthy@etsy.com,Female,105.99.134.225
648,Yancey,Calbert,ycalberthz@msn.com,Male,58.3.126.24
649,Deloria,Bingley,dbingleyi0@techcrunch.com,Female,58.164.7.179
650,Lindsay,McQuorkell,lmcquorkelli1@bloomberg.com,Female,160.4.55.116
651,Bradley,Wearden,bweardeni2@devhub.com,Male,242.51.124.240
652,Farleigh,Ceeley,fceeleyi3@gnu.org,Male,203.246.74.246
653,Odelia,Starmont,ostarmonti4@themeforest.net,Female,175.21.21.231
654,Meggy,Perutto,mperuttoi5@hatena.ne.jp,Female,101.125.165.33
655,Brigitta,Parkhouse,bparkhousei6@dyndns.org,Genderfluid,178.209.9.67
656,Mathilda,Chaloner,mchaloneri7@theguardian.com,Female,32.91.136.184
657,Rhys,Halifax,rhalifaxi8@npr.org,Male,127.63.90.79
658,Adriano,Zorzetti,azorzettii9@wiley.com,Male,109.255.79.203
659,Anya,O'Hannigan,aohannigania@china.com.cn,Female,195.157.57.3
660,Hinze,Lacoste,hlacosteib@psu.edu,Polygender,249.170.83.105
661,Monique,Primak,mprimakic@sogou.com,Female,3.49.234.222
662,Prue,Ambroisin,pambroisinid@comsenz.com,Non-binary,102.100.38.154
663,Clare,Lidington,clidingtonie@washingtonpost.com,Female,79.81.12.240
664,Marjory,Browne,mbrowneif@arstechnica.com,Female,195.246.30.161
665,Golda,MacConnel,gmacconnelig@live.com,Female,114.69.54.9
666,Babb,Hein,bheinih@wikipedia.org,Female,91.229.255.9
667,Beatrix,Bellon,bbellonii@lycos.com,Female,229.217.170.166
668,Onida,Tavener,otavenerij@google.com,Female,62.137.230.141
669,Filip,Cropper,fcropperik@youtube.com,Male,104.199.149.84
670,Minnaminnie,Enterle,menterleil@exblog.jp,Female,111.248.71.185
671,Anetta,Cheley,acheleyim@nsw.gov.au,Female,57.203.204.240
672,Tracy,Klees,tkleesin@cyberchimps.com,Male,96.105.170.51
673,Mahmud,Moody,mmoodyio@noaa.gov,Male,52.192.217.237
674,Esme,Birdis,ebirdisip@google.com.br,Female,24.132.237.158
675,Jobyna,Foulcher,jfoulcheriq@theatlantic.com,Female,200.184.81.130
676,Wyatan,Grund,wgrundir@examiner.com,Male,138.168.12.21
677,Derick,Shillitto,dshillittois@yandex.ru,Male,168.32.144.195
678,Brittney,Killerby,bkillerbyit@blogspot.com,Female,133.160.192.127
679,Barnie,Rubroe,brubroeiu@simplemachines.org,Male,4.253.216.98
680,Karoly,Lared,klarediv@taobao.com,Male,71.67.143.28
681,Florinda,Stoven,fstoveniw@bandcamp.com,Genderfluid,17.1.18.166
682,Dina,O' Donohoe,dodonohoeix@usatoday.com,Female,198.24.116.3
683,Talyah,Cowherd,tcowherdiy@netscape.com,Bigender,242.222.174.183
684,Shaw,Trethowan,strethowaniz@cnet.com,Male,196.220.19.133
685,Zed,Sweetzer,zsweetzerj0@blogtalkradio.com,Male,221.194.16.150
686,Winston,Gabrieli,wgabrielij1@cdbaby.com,Male,194.133.95.176
687,Malchy,Monshall,mmonshallj2@creativecommons.org,Male,13.172.66.155
688,Cosette,Lille,clillej3@yolasite.com,Genderfluid,27.226.210.29
689,Gran,Prigg,gpriggj4@msn.com,Male,163.35.0.132
690,Iggy,Blaschek,iblaschekj5@furl.net,Male,176.241.136.46
691,Nani,Instock,ninstockj6@livejournal.com,Agender,255.199.139.228
692,Hilda,Binns,hbinnsj7@cdbaby.com,Female,129.130.41.117
693,Anthia,Biesty,abiestyj8@google.co.jp,Female,115.65.38.123
694,Teirtza,Newnham,tnewnhamj9@utexas.edu,Female,51.3.209.183
695,Tani,Baskeyfield,tbaskeyfieldja@cpanel.net,Female,31.66.197.129
696,Janaye,Bonus,jbonusjb@exblog.jp,Female,204.97.62.55
697,Deloria,Kelloch,dkellochjc@qq.com,Female,168.133.97.255
698,Rickey,Crompton,rcromptonjd@zdnet.com,Male,86.119.105.169
699,Dana,Bignold,dbignoldje@blog.com,Female,101.100.121.144
700,Stephan,Krop,skropjf@ow.ly,Male,202.92.23.234
701,Teresa,Aspole,taspolejg@alexa.com,Female,206.20.152.101
702,Darryl,Bushaway,dbushawayjh@marketwatch.com,Male,234.50.79.89
703,Waylen,Hardiman,whardimanji@chronoengine.com,Genderfluid,8.1.236.243
704,Chaunce,Coltan,ccoltanjj@state.gov,Male,210.7.97.109
705,Margaretha,Rockhall,mrockhalljk@sciencedirect.com,Female,24.126.148.209
706,Rick,Marshallsay,rmarshallsayjl@google.nl,Male,170.239.136.32
707,Willow,Ellif,wellifjm@edublogs.org,Female,147.9.145.48
708,Eadith,Yankeev,eyankeevjn@stanford.edu,Female,180.109.240.157
709,Randolf,Radmer,rradmerjo@indiegogo.com,Male,51.71.144.77
710,Otto,Reyes,oreyesjp@printfriendly.com,Male,250.130.232.59
711,Violet,Bodill,vbodilljq@wikispaces.com,Female,26.200.206.38
712,Alessandra,Jaime,ajaimejr@ucoz.ru,Female,59.197.79.165
713,Faunie,Gaskin,fgaskinjs@yahoo.co.jp,Female,186.113.112.221
714,Cheston,Suttell,csuttelljt@sitemeter.com,Male,95.60.93.50
715,Rodney,Kobieriecki,rkobierieckiju@noaa.gov,Polygender,236.102.68.218
716,Wilek,Matoshin,wmatoshinjv@skyrock.com,Polygender,231.137.39.64
717,Nikki,Skeen,nskeenjw@imdb.com,Male,148.183.104.241
718,Wallas,Garza,wgarzajx@geocities.com,Male,88.141.145.111
719,Gianni,Locks,glocksjy@ning.com,Male,131.27.26.209
720,Barnett,Mullenger,bmullengerjz@jugem.jp,Male,155.223.184.174
721,Earvin,Feifer,efeiferk0@qq.com,Male,218.243.208.94
722,Scott,Kynman,skynmank1@tamu.edu,Male,76.72.55.208
723,Courtenay,Waplinton,cwaplintonk2@t-online.de,Non-binary,85.30.51.239
724,Flossie,McCullum,fmccullumk3@google.co.jp,Female,7.16.2.28
725,Danya,Ratcliffe,dratcliffek4@infoseek.co.jp,Non-binary,138.67.37.152
726,Joly,Lander,jlanderk5@about.com,Female,30.63.238.188
727,Randy,Wanderschek,rwanderschekk6@feedburner.com,Female,109.152.159.144
728,Zorina,Micklewicz,zmicklewiczk7@cdbaby.com,Female,96.237.8.22
729,Nannie,Copin,ncopink8@delicious.com,Female,86.19.126.243
730,Hadlee,Eadmead,headmeadk9@fotki.com,Polygender,252.120.118.44
731,Hinda,Mansel,hmanselka@columbia.edu,Non-binary,72.12.16.252
732,Maurizio,Tibald,mtibaldkb@nhs.uk,Male,106.53.85.248
733,Chicky,Crunkhorn,ccrunkhornkc@ustream.tv,Agender,170.199.152.202
734,Ephrem,Pickhaver,epickhaverkd@histats.com,Male,176.235.122.66
735,Prince,Chisman,pchismanke@rediff.com,Male,244.51.154.62
736,Demetre,Gostick,dgostickkf@123-reg.co.uk,Male,46.56.7.50
737,Torie,Ivic,tivickg@youtu.be,Female,117.205.50.208
738,Antoine,Sidebotham,asidebothamkh@typepad.com,Male,88.53.13.200
739,Crysta,Pineaux,cpineauxki@github.com,Female,80.186.166.36
740,Wilden,Sailes,wsaileskj@deliciousdays.com,Male,211.48.206.36
741,Ashton,Blastock,ablastockkk@examiner.com,Polygender,190.145.84.217
742,Stanislaus,Rosini,srosinikl@wordpress.com,Male,24.150.7.102
743,Lara,Braganca,lbragancakm@sfgate.com,Female,152.17.146.89
744,Ninon,Zamudio,nzamudiokn@jimdo.com,Non-binary,185.25.86.205
745,Victoria,de Grey,vdegreyko@woothemes.com,Female,245.150.206.73
746,Winnie,Meyer,wmeyerkp@w3.org,Agender,195.145.90.154
747,Shellie,Tupp,stuppkq@wikia.com,Female,91.97.120.185
748,Florencia,Malin,fmalinkr@intel.com,Female,216.195.210.96
749,Justus,Pahlsson,jpahlssonks@reverbnation.com,Male,139.13.86.11
750,Hercule,Synder,hsynderkt@independent.co.uk,Male,48.108.211.164
751,Barnabe,Dresse,bdresseku@youtube.com,Male,107.147.177.48
752,Milt,Balnave,mbalnavekv@ed.gov,Male,38.35.84.17
753,Moritz,Rohlfing,mrohlfingkw@timesonline.co.uk,Male,191.101.238.111
754,Kathy,Gittings,kgittingskx@jugem.jp,Female,40.241.181.105
755,Nita,Eccleshall,neccleshallky@ucsd.edu,Female,25.51.235.107
756,Costanza,Kingaby,ckingabykz@bing.com,Female,216.109.66.172
757,Quinlan,Struan,qstruanl0@blogs.com,Male,159.233.166.76
758,Kipp,Gadsdon,kgadsdonl1@angelfire.com,Female,232.246.77.227
759,Myer,Ellum,melluml2@yahoo.com,Male,58.100.206.121
760,Zak,Mainstone,zmainstonel3@t-online.de,Male,179.86.26.2
761,Cherin,Tinan,ctinanl4@gizmodo.com,Female,219.152.116.50
762,Batholomew,Waylett,bwaylettl5@irs.gov,Male,197.125.37.23
763,Perren,Neill,pneilll6@hao123.com,Genderqueer,172.124.84.176
764,Nani,Garden,ngardenl7@skyrock.com,Female,101.161.44.8
765,Elly,Orro,eorrol8@opera.com,Female,136.25.55.194
766,Alaster,Manie,amaniel9@jugem.jp,Male,81.238.110.198
767,Alfredo,Benn,abennla@nhs.uk,Male,240.169.163.217
768,Tomlin,de Zamora,tdezamoralb@prweb.com,Male,236.64.166.232
769,Angel,Burnsyde,aburnsydelc@cyberchimps.com,Male,20.46.107.0
770,Atalanta,Sandom,asandomld@yahoo.com,Female,62.72.10.240
771,Niki,Thorius,nthoriusle@dailymotion.com,Bigender,101.96.229.230
772,Austina,Greenhough,agreenhoughlf@google.co.uk,Female,62.108.136.116
773,Bary,De Minico,bdeminicolg@nba.com,Male,18.156.202.94
774,Iosep,Lapworth,ilapworthlh@yellowbook.com,Male,137.119.20.22
775,Garwin,Aronin,garoninli@latimes.com,Male,223.235.82.54
776,Iona,Russilll,irussillllj@howstuffworks.com,Female,49.68.61.23
777,Emanuele,Andreu,eandreulk@wp.com,Male,199.137.25.62
778,Gibbie,Darlow,gdarlowll@seattletimes.com,Male,120.144.176.73
779,Kerr,Chisnell,kchisnelllm@netlog.com,Male,34.141.106.199
780,Michele,Grinter,mgrinterln@dailymail.co.uk,Female,27.217.252.248
781,Merv,Potter,mpotterlo@google.com.hk,Male,98.190.125.192
782,Aggy,Schellig,aschelliglp@hp.com,Female,104.61.93.68
783,Tammy,Hasely,thaselylq@uiuc.edu,Male,112.27.151.179
784,Shirline,Furber,sfurberlr@google.es,Female,131.152.85.252
785,Alric,Lumley,alumleyls@purevolume.com,Male,46.35.153.67
786,Kelci,Tourville,ktourvillelt@list-manage.com,Female,87.147.228.146
787,Elvina,Scowcraft,escowcraftlu@infoseek.co.jp,Female,129.158.29.128
788,Ranice,Fortin,rfortinlv@shareasale.com,Female,76.185.225.55
789,Vlad,Ivatts,vivattslw@boston.com,Male,104.153.207.200
790,Braden,Culmer,bculmerlx@hibu.com,Male,120.30.225.213
791,Bevin,Bissatt,bbissattly@moonfruit.com,Male,177.10.137.213
792,Leena,Handley,lhandleylz@people.com.cn,Female,10.175.123.249
793,Luca,Stebbings,lstebbingsm0@telegraph.co.uk,Male,229.72.239.254
794,Geoff,Prin,gprinm1@whitehouse.gov,Male,128.111.97.78
795,Lorilyn,Portal,lportalm2@utexas.edu,Female,44.93.179.202
796,Catlaina,Limerick,climerickm3@paginegialle.it,Female,215.38.86.15
797,Wilmer,Wherry,wwherrym4@networkadvertising.org,Male,213.205.109.50
798,Cornie,Drohane,cdrohanem5@illinois.edu,Male,174.186.164.150
799,Spenser,Spacie,sspaciem6@hp.com,Male,193.214.24.55
800,Verile,Cayet,vcayetm7@skyrock.com,Female,181.68.134.232
801,Larissa,Arndt,larndtm8@yandex.ru,Female,241.123.55.52
802,Quintin,Gwynne,qgwynnem9@alibaba.com,Male,154.57.93.67
803,Marcus,Charette,mcharettema@joomla.org,Agender,158.45.38.101
804,Dalila,Blackett,dblackettmb@ucoz.ru,Female,39.85.35.145
805,Flossi,Fermin,fferminmc@eventbrite.com,Female,97.193.111.66
806,Timothea,Lemon,tlemonmd@go.com,Female,142.70.197.152
807,Ulick,Sephton,usephtonme@wikispaces.com,Male,160.32.77.150
808,Maggi,Edensor,medensormf@reddit.com,Female,144.50.161.137
809,Joe,Ivashinnikov,jivashinnikovmg@va.gov,Male,235.169.212.185
810,Brew,Lamperd,blamperdmh@sciencedirect.com,Male,247.80.217.73
811,Nell,Scapens,nscapensmi@europa.eu,Female,187.80.4.137
812,Allina,Werrilow,awerrilowmj@ibm.com,Female,199.58.254.245
813,Adore,McNeill,amcneillmk@slideshare.net,Female,211.57.118.177
814,Colleen,Swannick,cswannickml@admin.ch,Female,190.222.33.117
815,Mace,Aires,mairesmm@vimeo.com,Male,171.121.205.245
816,Ardelle,Delwater,adelwatermn@tamu.edu,Female,85.202.134.125
817,Barron,Dudhill,bdudhillmo@hhs.gov,Male,99.118.94.80
818,Saw,Boundey,sboundeymp@fema.gov,Male,82.107.150.213
819,Sholom,Iskowicz,siskowiczmq@artisteer.com,Male,247.25.145.233
820,Jeri,Dominka,jdominkamr@pen.io,Female,222.206.30.9
821,Clemente,Duffill,cduffillms@whitehouse.gov,Male,185.230.122.83
822,Gerrard,Bener,gbenermt@flavors.me,Male,141.19.135.110
823,Irma,Rosenbloom,irosenbloommu@skype.com,Female,25.106.255.105
824,Glyn,Cottee,gcotteemv@creativecommons.org,Female,15.226.1.214
825,Sebastian,Seeking,sseekingmw@furl.net,Male,39.147.228.61
826,Matthias,Andrysek,mandrysekmx@ifeng.com,Male,221.135.37.43
827,Lurline,Colgan,lcolganmy@businessinsider.com,Female,167.70.119.118
828,Elihu,Allsep,eallsepmz@foxnews.com,Male,246.85.152.136
829,Dennison,Sibbs,dsibbsn0@symantec.com,Male,45.57.249.64
830,Gun,McFarlan,gmcfarlann1@netlog.com,Male,215.197.134.116
831,Dael,Belliard,dbelliardn2@cbsnews.com,Male,98.32.221.247
832,Richard,McDougal,rmcdougaln3@intel.com,Male,105.32.9.242
833,Irv,MacCourt,imaccourtn4@imgur.com,Male,137.209.11.195
834,Winfred,Martinson,wmartinsonn5@surveymonkey.com,Male,133.184.186.212
835,Natalina,Brimblecombe,nbrimblecomben6@weebly.com,Female,137.79.118.35
836,Reese,Corneil,rcorneiln7@tinypic.com,Male,185.53.225.1
837,Helga,Melrose,hmelrosen8@cocolog-nifty.com,Female,169.216.19.138
838,Cesar,Jorden,cjordenn9@cocolog-nifty.com,Male,211.91.3.113
839,Hilde,Hierro,hhierrona@ox.ac.uk,Female,247.115.127.57
840,Dido,Ferreras,dferrerasnb@qq.com,Female,208.73.147.58
841,Glennis,Normansell,gnormansellnc@ow.ly,Female,109.255.85.198
842,Sinclair,MacGille,smacgillend@hud.gov,Male,173.119.114.196
843,Adara,Balls,aballsne@businesswire.com,Female,150.114.5.209
844,Myra,Kassidy,mkassidynf@wisc.edu,Female,114.81.224.44
845,Rolph,Gadney,rgadneyng@paginegialle.it,Male,10.206.43.78
846,Markus,Treadway,mtreadwaynh@meetup.com,Male,17.178.237.21
847,Lenard,Doidge,ldoidgeni@bloomberg.com,Male,60.40.38.218
848,Aldus,Maior,amaiornj@wunderground.com,Bigender,15.64.171.166
849,Elton,McVrone,emcvronenk@desdev.cn,Male,209.75.46.223
850,Maggie,Bortolozzi,mbortolozzinl@netlog.com,Female,177.113.39.104
851,Mildrid,Caulwell,mcaulwellnm@barnesandnoble.com,Female,151.212.152.59
852,Tobi,Highton,thightonnn@bigcartel.com,Female,126.224.123.6
853,Abie,Flatman,aflatmanno@google.co.uk,Male,107.102.86.126
854,Judon,Pettyfer,jpettyfernp@joomla.org,Male,234.229.100.163
855,Janeczka,Petrichat,jpetrichatnq@wisc.edu,Non-binary,146.233.161.152
856,Oby,Vila,ovilanr@dropbox.com,Male,161.12.46.218
857,Ninette,Godden,ngoddenns@miitbeian.gov.cn,Female,223.103.223.209
858,Jess,Tapscott,jtapscottnt@columbia.edu,Female,184.28.144.186
859,Collete,Le Batteur,clebatteurnu@alibaba.com,Female,253.58.192.215
860,Ardyce,Yosevitz,ayosevitznv@i2i.jp,Female,235.57.157.253
861,Carter,Trewman,ctrewmannw@washington.edu,Male,254.222.66.233
862,Moises,Lyokhin,mlyokhinnx@etsy.com,Male,222.150.43.8
863,Enid,Clyma,eclymany@kickstarter.com,Female,185.196.9.202
864,Rheta,Janikowski,rjanikowskinz@wix.com,Agender,189.21.198.53
865,Mervin,Exley,mexleyo0@chicagotribune.com,Male,115.92.245.204
866,Jeth,Tripean,jtripeano1@desdev.cn,Male,205.192.145.94
867,Olivia,Soldner,osoldnero2@unicef.org,Female,12.126.54.112
868,Susannah,Jull,sjullo3@google.com.au,Female,138.235.226.146
869,Vincents,Crate,vcrateo4@jigsy.com,Male,189.255.76.221
870,Maisie,Micklewright,mmicklewrighto5@amazon.com,Agender,26.17.143.22
871,Boone,Knowler,bknowlero6@soundcloud.com,Male,119.235.191.95
872,Art,Spawton,aspawtono7@a8.net,Male,61.89.209.249
873,Harry,Donson,hdonsono8@vkontakte.ru,Male,33.231.36.196
874,Ingeborg,McLice,imcliceo9@so-net.ne.jp,Female,215.90.175.75
875,Adriaens,Sundin,asundinoa@liveinternet.ru,Female,195.127.78.92
876,Adriano,Comins,acominsob@elpais.com,Male,67.123.222.110
877,Daniele,Laetham,dlaethamoc@wisc.edu,Bigender,45.138.131.118
878,Henrik,Hynard,hhynardod@godaddy.com,Male,56.154.91.77
879,Easter,Pammenter,epammenteroe@youtube.com,Female,58.7.232.127
880,Yvor,Parrish,yparrishof@microsoft.com,Male,185.241.58.202
881,Carlotta,Phinnessy,cphinnessyog@ucla.edu,Female,74.16.245.22
882,Abbe,Egglestone,aegglestoneoh@hatena.ne.jp,Female,229.206.86.23
883,Zacharie,Seabrocke,zseabrockeoi@alexa.com,Male,83.99.246.135
884,Willie,Krzyzanowski,wkrzyzanowskioj@hatena.ne.jp,Genderqueer,6.104.177.63
885,Misty,Hammond,mhammondok@theatlantic.com,Female,119.16.138.147
886,Cindi,Craiker,ccraikerol@army.mil,Female,164.118.191.189
887,Mathian,MacLaverty,mmaclavertyom@ebay.co.uk,Male,210.130.184.168
888,Almira,Ridout,aridouton@cafepress.com,Female,79.155.102.252
889,Rab,Gregol,rgregoloo@google.pl,Male,119.183.183.252
890,Maddie,Rudolf,mrudolfop@deliciousdays.com,Polygender,113.14.253.41
891,Ross,Esplin,resplinoq@desdev.cn,Genderqueer,245.209.186.48
892,Tressa,Buy,tbuyor@mail.ru,Female,211.252.227.57
893,Arlinda,Diggell,adiggellos@amazon.com,Female,247.107.151.87
894,Iolande,Longworthy,ilongworthyot@google.co.uk,Female,51.23.190.125
895,Ines,Dryburgh,idryburghou@angelfire.com,Female,212.211.190.60
896,Filia,Ierland,fierlandov@discovery.com,Female,164.243.128.241
897,Norton,Dorsey,ndorseyow@ameblo.jp,Male,180.89.228.49
898,Des,Joinson,djoinsonox@java.com,Male,161.132.178.69
899,Dani,Trevance,dtrevanceoy@so-net.ne.jp,Male,157.254.149.171
900,Frieda,Dowty,fdowtyoz@gnu.org,Female,179.106.241.252
901,Amie,Trencher,atrencherp0@4shared.com,Female,131.152.206.43
902,Heidi,Iacomelli,hiacomellip1@slashdot.org,Female,152.235.196.25
903,Tasia,Colquhoun,tcolquhounp2@blinklist.com,Female,205.0.84.114
904,Field,Deem,fdeemp3@noaa.gov,Agender,146.97.56.6
905,Ruby,Digle,rdiglep4@redcross.org,Female,230.101.250.123
906,Justin,Pengilly,jpengillyp5@gmpg.org,Male,152.131.158.162
907,Nealon,De Gogay,ndegogayp6@who.int,Genderqueer,35.94.152.172
908,Jessa,Gildersleaves,jgildersleavesp7@stanford.edu,Female,150.96.240.50
909,Hedwiga,Weatherdon,hweatherdonp8@admin.ch,Female,94.111.163.77
910,Janenna,Le Friec,jlefriecp9@artisteer.com,Female,91.194.121.176
911,Raphaela,Andrewartha,randrewarthapa@sciencedaily.com,Female,211.165.125.180
912,Corine,Shoard,cshoardpb@hud.gov,Female,6.200.176.225
913,Jorge,Giorgioni,jgiorgionipc@businesswire.com,Polygender,75.125.143.76
914,Paige,Skerratt,pskerrattpd@exblog.jp,Genderfluid,10.227.237.14
915,Lucias,Gepson,lgepsonpe@ovh.net,Male,97.249.163.180
916,Friedrich,Jacobsson,fjacobssonpf@admin.ch,Male,109.48.224.189
917,Addy,Pickworth,apickworthpg@ucsd.edu,Male,6.97.218.250
918,Pyotr,Gladtbach,pgladtbachph@blogs.com,Male,11.148.189.33
919,Mayor,Caghan,mcaghanpi@dot.gov,Male,167.60.13.161
920,Annis,Swithenby,aswithenbypj@paypal.com,Female,204.110.23.179
921,Alvin,Extence,aextencepk@timesonline.co.uk,Male,13.149.213.230
922,Lawrence,Gallatly,lgallatlypl@1688.com,Male,8.139.220.31
923,Michelle,Claypole,mclaypolepm@seesaa.net,Female,226.219.177.53
924,Anitra,Gardner,agardnerpn@zdnet.com,Female,21.61.134.22
925,Perri,Budnk,pbudnkpo@geocities.jp,Female,120.78.21.87
926,Drucie,Dyble,ddyblepp@msn.com,Female,101.103.185.82
927,Davina,Bodycote,dbodycotepq@telegraph.co.uk,Female,110.185.57.167
928,Cora,Mitford,cmitfordpr@marketwatch.com,Female,193.12.176.205
929,Lambert,Habard,lhabardps@omniture.com,Male,29.243.149.164
930,Elizabet,Reading,ereadingpt@plala.or.jp,Female,239.180.40.164
931,Judye,Greenroyd,jgreenroydpu@skype.com,Female,42.249.29.143
932,Kasper,Neem,kneempv@wikia.com,Male,150.2.26.202
933,Albertina,McRill,amcrillpw@qq.com,Female,139.61.81.58
934,Dorey,Bools,dboolspx@spotify.com,Male,100.161.246.28
935,Clem,Wogan,cwoganpy@dmoz.org,Male,168.148.20.44
936,Lyndsie,Bordessa,lbordessapz@dell.com,Polygender,74.240.22.84
937,Darell,Dufoure,ddufoureq0@usnews.com,Female,22.164.132.167
938,Bevan,Sellner,bsellnerq1@zimbio.com,Male,22.52.150.66
939,Orren,Goatman,ogoatmanq2@nature.com,Male,246.217.62.93
940,Kipp,Nibloe,knibloeq3@altervista.org,Male,66.172.145.253
941,Dewain,Winterton,dwintertonq4@independent.co.uk,Male,89.32.63.206
942,Shayla,Darragh,sdarraghq5@lycos.com,Polygender,206.246.116.226
943,Prentice,Braim,pbraimq6@infoseek.co.jp,Male,226.11.202.81
944,Danni,Hurle,dhurleq7@theglobeandmail.com,Female,112.121.13.72
945,Veda,Brekonridge,vbrekonridgeq8@who.int,Female,219.253.233.57
946,Vanya,Auden,vaudenq9@seattletimes.com,Male,39.171.94.245
947,Emanuel,Roddick,eroddickqa@bing.com,Male,237.48.121.74
948,Em,Jozefczak,ejozefczakqb@boston.com,Male,207.36.220.216
949,Fawnia,Polin,fpolinqc@google.pl,Genderqueer,94.171.44.103
950,Ariella,Huddlestone,ahuddlestoneqd@godaddy.com,Female,49.218.101.208
951,Ingunna,Tenpenny,itenpennyqe@reuters.com,Female,79.15.5.178
952,Bennie,Vizard,bvizardqf@oracle.com,Female,14.151.44.168
953,Brucie,Pirdue,bpirdueqg@taobao.com,Male,129.44.201.53
954,Glad,Freeborne,gfreeborneqh@wiley.com,Female,49.188.149.72
955,Gabi,Moran,gmoranqi@si.edu,Female,80.247.207.159
956,Carlin,Sprankling,cspranklingqj@samsung.com,Male,47.74.119.162
957,Bernhard,Beadell,bbeadellqk@last.fm,Male,165.193.9.255
958,Corbin,Goldstone,cgoldstoneql@weather.com,Genderqueer,171.12.132.3
959,Lyell,Pellett,lpellettqm@youtu.be,Male,125.4.159.116
960,Gardener,Ferreo,gferreoqn@loc.gov,Male,13.254.56.196
961,Felizio,Messenbird,fmessenbirdqo@salon.com,Male,17.130.202.155
962,Marin,Caldaro,mcaldaroqp@hexun.com,Female,209.107.56.239
963,Brendon,Kornas,bkornasqq@eventbrite.com,Male,188.175.159.186
964,Francis,Brough,fbroughqr@latimes.com,Genderfluid,226.30.76.182
965,Alyda,Gilliland,agillilandqs@oakley.com,Female,52.229.67.183
966,Cindelyn,Swanger,cswangerqt@google.cn,Female,152.30.246.105
967,Stephie,Luisetti,sluisettiqu@studiopress.com,Female,108.149.248.223
968,Darlene,Burkitt,dburkittqv@studiopress.com,Female,210.121.69.59
969,Sky,Snufflebottom,ssnufflebottomqw@instagram.com,Male,251.128.178.28
970,Elizabeth,De Vile,edevileqx@slashdot.org,Female,63.62.191.38
971,Emmit,Johanssen,ejohanssenqy@reuters.com,Non-binary,47.181.19.211
972,Niles,Carmel,ncarmelqz@privacy.gov.au,Genderfluid,143.116.59.48
973,Dorena,Zanuciolii,dzanucioliir0@canalblog.com,Female,145.107.115.111
974,Larine,Cartman,lcartmanr1@skype.com,Female,18.164.41.31
975,Pietra,MacMenemy,pmacmenemyr2@dailymotion.com,Female,252.177.222.167
976,Elenore,Doveston,edovestonr3@multiply.com,Female,2.189.0.108
977,Marcellina,Gunther,mguntherr4@vkontakte.ru,Female,231.120.38.228
978,Susi,Iston,sistonr5@cnet.com,Female,247.129.180.250
979,Silva,Hundall,shundallr6@storify.com,Female,55.40.87.176
980,Tucker,Oglesbee,toglesbeer7@deliciousdays.com,Polygender,152.223.48.192
981,Elita,O'Spellissey,eospellisseyr8@examiner.com,Female,8.142.192.154
982,Lisbeth,Quirk,lquirkr9@geocities.com,Female,252.30.163.32
983,Germaine,Fleury,gfleuryra@lulu.com,Female,196.225.228.83
984,Weider,Pretsel,wpretselrb@google.es,Male,96.146.124.198
985,Vladimir,Le Floch,vleflochrc@weibo.com,Male,127.240.86.97
986,Galvan,Dohmann,gdohmannrd@pen.io,Male,168.68.213.247
987,Lexis,Liggett,lliggettre@eventbrite.com,Female,93.94.244.107
988,Margarete,O' Markey,momarkeyrf@oracle.com,Female,215.188.199.39
989,Lisle,D'Abbot-Doyle,ldabbotdoylerg@wufoo.com,Male,77.193.117.198
990,Gaylor,Gouda,ggoudarh@spiegel.de,Male,36.224.149.60
991,Braden,Gurnay,bgurnayri@booking.com,Male,63.81.197.135
992,Otho,Corsham,ocorshamrj@elegantthemes.com,Polygender,185.137.205.60
993,Carleen,Atte-Stone,cattestonerk@blogspot.com,Female,25.104.221.212
994,Griswold,Itzkovici,gitzkovicirl@virginia.edu,Male,244.195.152.239
995,Julianna,Cruikshank,jcruikshankrm@msu.edu,Female,186.108.79.103
996,Karon,Sapwell,ksapwellrn@jugem.jp,Female,10.172.40.52
997,Ewart,Starkie,estarkiero@privacy.gov.au,Male,87.139.167.52
998,Finley,De L'Isle,fdelislerp@ow.ly,Male,1.179.137.199
999,Etienne,Welland,ewellandrq@mail.ru,Male,240.93.89.210
1000,Mirabel,Meus,mmeusrr@canalblog.com,Female,21.6.139.57
